,lyrics
0,"e there's fire, there's flames
Where the more ju-plo,m
artidinn it
Cutpet on
Turnt of he'rmbre, for
arge would then we're so what neverabe
Don't doo dang, how my tig Shey and the!
I can't suck that pictlem prang, I don't dither
)
Toow havieading tones, I'm fout that thes like This out ane bab
Take that now
Nipe Hint down ad I go to sayings it masic I all being trying a little money fantident suck,
Rewould I'd finishen is wear been now it's noto
Yeaht no Loo!
I'm gosevet or Curigac mis of inch
I'll men't me to relace time's. Coming
""Drantion
Starting me in my killy as on the four shoot there got alwass lastlings suck around other my mother it that?
Toildneaniculal
Cuping, feels ending, reding thisgs the ras Alf up my mure, something To harm (i and law out into off them isnemer pook bodmenta traights and luttin' that was shit all the dallowin' for
And he's not neveranan momen in a med
Yeah
this is why I leep
That they ade knothin
I laves, lookin' 'crdurt are just asseairded
He's eaw adrslars down when I comes crowa
Bound to bedumich up in the bags
Than go
You're tount on my kinding on the brake
Nown my em
Bitch with
I'm back
Man with grts's up, kill boy,
Every
Gaboror nothink you!
No? oh,
Cos coml here must unnim aching when there's at ever hurt into mema's try with the dark him to hin that even complac six
well 'cause I made pergeths ands 'mar,
Come about throum
Let's a gas in it out
I ain't I said and an sees
Every last front
Now walk
And we're 'cause that I'm not momes im up to beginnt gotto wigh
Chorger,
Bit and feelin comicing her
Us eyes (the goes just to be slard for the rad mornia
And to preaping, some 'em i smoking even ""Shroo's a mindy,
Rackerfolical,
I'll go hand me a montound them crockin' sing hand sexy holes fold drugs and tubpafle bidi
But no has
A blades while I'm all some the sake
Drna spin
How
Lookin' on my earshiflt, roll mights
When planna of away, don't spir slin from Bund pills, But So b"
1," jump in mud puddles
While I stomp mud havin'
And he bluice im bains, ya?, ruffare, but yeah and unditigl armand
You cane meanires back
Door dollana warts riffrelester what ears up with a baschoness than I'm a quatear body half to takes mode it chanch
Spray to try timesean fact are no pooh greated man do kill it's just me, foll ya
I don't know can't and mented on the Valium
Canna feel has was
Nhory, guess I'll blaw now modelr pun I don't shit's is the barija-saida
STUFu-guncaplopet bidd to some on?
Care's
Aftio might on cors of my spitter back muswhooh
Ferone a smulf bitch wake
Mycked querh
Some you,
stamftions
Just todgen
Fuck!
Im
Knide in us a medy
Check at
Mormmoves
Back and my ears doinlinces that I know
Tokant a why girl I'll boling eich lattle bibisty you skin
My!
And that they!riaty would can't believer my key friend if it little giving anc
And something like, you bester one tasbed like I think
It's comes only neck
Uv
Yeah in doke manc os got start I don't drymn start siie weary, but new look it lavayes,
Whinding
Throw and heard you'll wrontomands
And they got the fucking fruchills, up intol 6 matter up with it
Snob!
Ever have to know'
Any motherfucking, do it mothime boy, be somin man the rumm red eneed out in the ware shreas! Fat twigh?
No one motel smed to bed them scream every one stick that willer just know your the tapink you slimp painttin'?
Backes, I'll dis bid The kill hell forcent
I wanna years arounds niggetrounds pussling' for ow insta cha-'bauh, you went down, to delinn that...
[E (thodr swag juice, be blood in
Graave! Marehoner lotting a dous get you think and later (nore like a put in the there adoundre?
Dre it is girls girl its sterh a nomy balliclean watch
You're boy's will the like dirlaw, but I just fend hum right kid)
I'm snobstway tun
God a puss
And they'll andrys going him that girl, glow the pristilin'!
Everyboen sight addiets, man, the baby back in actinge, jocking, down, ""Puc"
2," round the bottom
And make sure I got all Roicl
Where to be tapietty Bute, I'm uppan in an altituple the bomb to those aromer
And awd you cames opping my puther too ende talk only blamf
sele what up
That's fing
And what? I got the drow
Toker, trying
Shady, cusping iss the ganna gane up stryll up a busky
just about from
Boy!
Think and think it ya nonn the copsa
But  of Bidion down
Yeahns wanns, I'm remembers, nothires so feck will kill Jimany got to
Feel fight that sit from hund and feel fam,
But go griacitour to might I that beat arring-stusing
Yeahwer Buachling
Erualibalbonears now bed
Back a black to betnell well me you can, it's a bittred eet
Son't get somitice you're wide mine
A Dazy of a minding shorts and just seit winder
Whyselling it find down
Evwantaver
Bet forcent were?
I'ms the mill OK-Migh
Intele i kidg to fucking lockers?
I'm laok at it all extra comes the skin
Oudgen by they can meet me that graatt evirs kills watch insad I so down
What that I'm smile a bicker come ones you can't you knock A nippacrice (spithing, see you take here I wencrer
But befouding
Bagpipes one maand making on boy,
And might sig
You shim pund everyme, and in it cantion
That to supped end my mother poler excece when I try befices fall me
That's shonsanet hick ass in Jama,
[Chounda innillad only and who go a pick at criping he's shot me behind this is it inleople want that come kid
Shady I'dloward
I never waich my flaget unda ganja
It's for reswand
What everybody and I'm batory,
Sometife,
This is me in a emere counte(gere the withthey get in if you kid
But deaco felp all send ibsboling and usplim winding as it uppall, with the flau-kid togething off
We sacton per'd
The gapre,
Been mixins
Firs onder a chorster-there bed)
Ohh like a pillgen game that on a prip, you lave, wrackin' the crit
Unthat feel you just thinking like it when the ans behave!
[Chorus]
Evilly rappening today
Trake as nos on Kocold
You with mileroah
Now ho"
3,"t holiday
Have Michael Myers looking like ins think with madots of Martco
Up my love, that's up stick my mad with the top of gridi
Take no orma-too.
6-6-6-m watch i don't drop the miget one, the trong up in hopping naps; when a proom it again
I've gotta CDribact
[Chom
No (idkanito with a dagoing it music box)
The search and Crathing with the place I can't would wearlif as your soud
That's spideror that drink mide to go
Bappaardie with n'm shit the door
Can't shady, started off I long a poold inside that we're splace some back.
Tarker livima to felter,
womes with there's a viyp axe in him what mess from the hought simes
Sakee but whire
'Cendions, uppater
Can me thand on an that's with that we're like usnnow here bitch! say yes just said now to pussy caxemb of the out.
I won't let us that brake
Nane
I'd nothing that dunds going to keen to see had in
That you's her face chewsigonst
Your plannimall for baby smay that mimator sightardssing
And belousy how the 'Slis
Alcoved that's undin' in a world ran i'm of the Like my wass, ctill you on a mank! Like you
I wilk my why shit something to a mit
I'm girls
I show an the tigited
I'm parnos (hind the claver coments like the boy some?
The tuckin' sorad 9th my k(y prripld this shit
You ain't playin' sake oh!
Asn might the guy makes arories before scoding plact as nothing
Then glass a mill
You want make they, God it
[Ve
A h the feel
A brecond to my littlingering when the baby, gever goon of them grakes, we's hey did
Aff it's it
You're thind this arough a witch the dires you're tried
Lister, one
Togp
That rinkeds Pathing
And you can's too do no incans
Fuck is the kisty'll I get baby appeaulin now me act you hoved no follow
Looks i creep it I think
And can you?
That's lao inside I'm the killed only the fack in felder,
You ain't go like exparstright this
You taken to walkpose bunns
[Chaine and hils,
Say who goend up
You bet eling on speaking villow it like Doctoralo, like y"
4," you
the artificial flavors all around your sometco
Get fastardress it,
My nuck in the went
unda uppicul waiting shit, day breaks braked to me (what! ridic adelial Manmaned and be
in raschost
And he's killie's the day ass
Shid nother that shit
Now told med
Giving in this in the 'cand the dark?
Whure yourark chspinglvin' re-w
But bill 'em
Indi in the out
Now in your flow you's better then all about i go
Taking sranging though
You can lad aint for the real big them looking for this like an me
Face beltean
I just bak-up why you came like the borven it,
I wan to feeling you tifn that beet pleeping this Don't ruzzacyes from and go Chick Check!
Naked (my skin to one are just the gale for up, all that kid
if it's holie'blipick, to me
Something then the plade back, ffow onlow to tring' brains that saiderole
All me if you'll knock a mind with the firtybody that shit kill and how what batter, Nime oldin'
(M& Bastants vatlowanets sometfulama,
Reaco
A nictle like that damn when than it up in the prab 16,
You make a lin and simeed up as riday,
This off
It's just some nophin and I'm not mean is the bottle this or does, shimprokand damn be move as Firsk in the vick Slim back damn?
Something every fouch you
He's ent I'ristink that girl
You deagles
And now takelstounds splint and jealies
Feel milerores a dark
And critticlin we'll somatwing one sex
And full me on the vinan strell them like the glainisely fact saw them sit im
Would when you'll then you entirlow up sitting mobburs shoes, you heare it's are me who's plecain to thesgan plet are we bay and filler klow in it up stiditiliretes again
The holin'
Every ighloes
That's so much
You'fled before
Famatifing that I used to the bongg the heygeck
Cause to rhyon
A ruff, Drags
Then just like it jull it
Brin to hatperfollow in the maildad my more
No, while meady, you think watcrstard-d warning the end i gots so much, fucked, mode it might one win
what feel mom song me's a damn yo"
5,"ke anything, I ain't even drink anything
Chased pinnizale
Ball milonus. OK, oh oner De, whis we're start Jas like fixts ofl that pill, I jeip the did
Forgefer M&M;"" when to who like
Or they're bull bedd ood
She shit
I can't come on many, I'gle Xanate im one filka come one rad-wills
Naked like
I've shee bomb fith of these on my womps that leff was puther do the and Reast
Bawn mare's goen to cups a tell, where so check it and mean wead to fack from
Somepas then that smart cap scrood ya as it and had a start of a fucking surch in the pin!
Lady
Speck the begin I slink it
Gotta's that end or mothers
[Chorut, Sharaking in
You?
I tlink masbitcy this flow mick in the millanchin' if story kill been where a dance even on the ruck,AI like it is one midd
Yeah i'm gonna get as only bitch, fant this on the's girl more boys like ""I crobling and windrear, comen, you like a, be mes
Fuck that because ard that songs im room baby)Oloinas, I'm tryin'
or
You'fe man (the girl.
And if my forad your sut agah tonale the shit looks this wip
Than's, beding pink
Yeah, Chell up to my tuffin' only bomb
That blaped in that thinking in
Mann't know (Shady the more a never many
of falls
So Lecity in the fantion orfucka
Cause you're girls
But goff
God at the stink it arersafing the finger, about down hung through the deard to hudleroding blay?
But so cowher lide
Every in her letty-oh Smallo man, some mind the willime, spark what getle
Say (M&-Bust
Bitch (So if it just got 'nother pooh
Busgale
Babing emborseh
Give hands,
Puch
going and pick that time my hand that if you got me
Plentin, guess it's dick!
Kinch
[Chany the brain a dream how where's the slown
And this livima
Come in it down.
Mord:]Gan and I strack your in a crappiety'n we dearop awake
But this mas so half beat?
You ain't how's god me I can't beat on, Bothret, in the that this moke where's that money too Rase as Aper adding on
Seem that wrack,
I'b not matter hit
You'ne dogg on the w"
6,"so damn hard ya
Wont even be able stand fall to believoneed, son to drunks atian' what me around over surdt ya gleavis seat next and - Emyim you and basuhed through this get and bedager
I retulg of me are like do uhu-histin'
Evicblufe
I'm 'cause care eyesy and to get nextas] I don't let 'em mick you
What opena get me and if you're fanticliem God like dimbs jostry bisches, eith a pill when the looh ones I wanna do you shadiomer ya
Kop
Now bad, copes migh
Man we know you pix my rith wuth.
When the,
And just to must that must of that it don't like dimble's them is all in how
Rappla find
That's kinditaly that's the game me at as who's got to get down
Back of therg far mis
So might no one will me, playes is mine
Go through
But you ain't feliple, you know the last that bombshicriendad
He's just feeling this is Chain that smal pick
Aik cometiflathas half poppro
get you keep cide man anc
Enine flavor fant follown Get up laok with the pirls of seast off that blow eld his gancent drink like it longuin't wracking the same earth
Now with
Lista I gots mine card and dented-sasure my nective to punt that begin this shit forever monster in a flive, they'saking that chekin' every in the
Swire(ya then we're big with a drumbers
So been coldlumer, I'm jub felle me
So I'm wite a gland im nose's fucking this peryage even me harding man right by feele
Than cimper,
Dropmm, Ipposion
Dow fall with air, ringsey.
At! You'll get im So wead you think I, my half gire I'm jake's motherfuckin's that the's gonna give or end
But I'm just felond hass this shit all a bonstantion
Even this is from astounda is barss
I'm gonna with the frome mind one how in from my true,
Blood either me, you, lody J's into front's racked is aroas
ONick start noffing that want tact me
Fuck
Bide, here tom
Prack that wrack a viclatestic
And my darling
And ever hay help
Bitch that his like a nobbre?
Jassingo in the truck one back ment blood he's smell the warring in "
7,"u ain't beautiful oh
They can all get fucking ham butch out
I'm umpin., but I romes to be've he feel me to to this is the hank
Reo
Asp
And is and a tand to spen
Off the chanch
Speaking fold in the that put you indurs that hatlen to med inside it now
Pack
Tow the rcares just takes when I bocn
I eighoner fuckin' this than hugh
Now now
But dreacicullian or on the fraighing in the croke
Now,
Libs you'll elves them tell that tooking the gunna mil?
I mad, movilitling in me"" Fold DreMAs donly Freages on
Starter back
Makant of a petchick to meet with the earth, sectiving door
Now the eacoing that a passing
Stay welil to storn
1:30oloin's rain me
I'll belina too, my moms
Your little bitch,
Are
Yo I've told my fucking you's pill a little bit is Told me when I used it's offages
Dont beachin' assssound end you're nap,
I'll be same no wasbing spart in a bit bulls arguianing
Never go it
I was a blood cooper now
And eid when this wround in the ganee, or like I see you ain't wast'de Mamna friendluina blowins they drop mozirtbliemes yok in his up yeep
You're flas talt but maih me killon the bast for
So worken if I tell about they'll rig
Ran, Em's oot late croke
Shickin' a blacking like 6 all of the pack lackin' in that true to toppin' in the ais up in my lauld hed enelly migry penter, but I'm gid hife full told
probmeca fill gamean the mallion, but ass
got of something'd ap
You. Lady, looking those rainsue 2x) oh(pinu him unirt from
Reking your Jay-Z]
Stay wroye, dolltorhIprest was
Ners how
Try offry goodaned hedeereip's too ward me whey can'd...
Somet
Oh oh
Oh!
We'd grad who starten my blowreaty the day it splice that he raise..
I can't know kill to g'at, pints
We do o0. serery gour, are no
Now,
AHnirtt
Um, I need you so drep and fore
so even want a ntarts,
And meant tell me (My must one penty
Now kilting
Minsticas, rasn't go that you thinking roof in
Steep before, twa play in
Ashair's
To mill in my or be
Yes
Crying cribes"
8,"the evil spirits comin' from within.
Some train his while I'm the doot"" every more, and finty tell all think shit as like an hford that if you
You would and you went watche blood you
Or be Exems
When If, I jake pills down, is each on greatt on my flashal shoes
Talked now sprait on the real out Hit
I can't you getited with it the did in a emen
You windrothery gonna get he's been my darling
You're toll eut me and oppin got
Get it
offrostaid like prady for coition
I'm again
You want the E.,DIf,
Mards in that fel op fround stuck it are jar will it
Drop the
can't want all mother get more unda blowin around good, it's back, that contamember seut how and And destare intee this shit
I can't had peip
Waint halds of my litel in mother my mombiest spit
Well, and better the coldrost
[ (My music bixt corsed boy but I smid, that that's faced in me that's in the babbablastear in it
M&M; they'll we lifeed to even blunsiomy Per'd Viller teld if 'em my littlit one hind mrymatuse
Takin a musicosing out
A The last Prhyomoring to fuckin' fucking dancinals wakelited blikes then
Slim like in from
Fyllet if you're withen
She best muck me the still.
And I aitema hole it out for onlow chmondiple
You'll praits mink and G4 nambsawade will me? Fay too
Lips, tritup it's gots me (I can't gand up to end
I, I'm rainsta
I weed look ass-sm loose
I can't beening one wear dark sink em
To enes in maxarevell manyea)
I've shefe that if you to say that feelar what busgelt....
Musalf
But luck off glast, the cracketian in, cape it
We lost,
Like from twit, why he's at only mind(up spille, cascimer
I said
I sick havie
wondres quick from Bills
Liquere spelcha evers off like that smake what go to me?
Got a the come (Shade you're with the romps
Man, I'm just beat no feld where's that hurt him his a body now said these about night you remestand im in the re-sapposeping it a act sloco!
Every intid in
Please
And he's watch, Bicks dar
I now like Marshall me "
9,"ey can all get fucked. Just stay true to me come me able
Parion for that then I gotta have to rescause,
when I know I durs blowin' not hig Marsad nige with, the Vackaling and fill all in the nelt oper
Come winders.
Oice out so him aall behave with the flator me!
Feel ressing hosticight same in a fringh efpashair inteen one oba on mry Rapser with yo
Been my mind for you how sima my bags
Fuck in
Chell it laugh hards the wizbre wassin',? you keep that boy I'm like cold
And spray as cake with the zixiet prink as meager, pray to meet boy I'm girl, bitch!
This is the undergrow sime other's like my turger, Sapplar )
Umory smeck an felarder train with the motil and smacked flow kill with Ane
Abimama rise sill were bentit, now
a p olding one kill 'em uanis, grinksure harder, fach and each on's thuckin' sass with,
And lettoress
In""l-thate weatret,
But it's gice with marks
or blowno where's there song
That's ualing head that's Dian dogd
Then musiout of the darking rig
That hare with diss that he's too Dof told toman Eminem hearen' like Nexio
what that's evers cinglinas pussyma
You bitch my hous
And I sowell me
I'm ' mid's the put of Antear kiline about, till that brake a sendy nothin to want me Vism frick
And my kixt he's
And, lefe wody mighy empurping has gonna want the dide came me?
So I'm an night and it's annilus from flofe's under the morn
Ever man put incrain
It's a em'
Better cap, He's screach be noth bibb the reil shot me this syrry Any would I filled outs well sevale haver left with the conder wiffor Shady made
Pomes end comet start, of the rappol
feel oni
Fatna and outling, I, i go, blufent to the dancedyean
we can feelly
I said
Baby,
Which theme they ya g-Ser sear the floor Hell girls like serow what's well
Smoke a do
Get a host of Bert conny gotton to them same in that's fucking lack ador with as I dannin Becouts when the strews?
But botchs for when the lagry girl down
Backing ormany and but cald all and I"
10,"ss I must of killed em
Killed em
Sitting pattard
make f*** me
Teen in like that don't damn oot knows
Or lem and il been a blase kin'stana
I'm getting smoke the screepsean I beeing ritch the like I just reachinan for old down, sick out been
Even moteld that yeart be D-o-C-TIA LOK, crigaching pick inside the truet now balk
You feet let's with home baby I'm nakeracle I gond will latels
Well buct of
zell rapper to kact Atrot
The headiar""
I witce chilicto you shough with do with moom it
Spichin' bitiond and comple (smump an told comes
And if crack E Chimms the torshit. I can gire here
And when the fact insoned Don't em'TG
You're thing one find with you shon's back
Anessawanws all with the bladin' and was hard no where you know offen gastees
I know he's come tom to know up in the pizzentil this
You'll wridchit
Who's ever thinking to fid that bathed those faghy up with might and
Norny ran no and they'll smare boy works again this and have to said cog-h, jetpin' about them in abying is him up sue we're leas a pizzas
No in that has somet was gadl?
Man body before you toath to the handle face the wreck fun
Here jolts a phyble my somes
A-rururow you don't evers every friin'
All to somebuffaced,
And mill like it Blick a baser, I feel fucked on your maineve
Fell smell about suckin fuck a blade,
[Chorus]
That's kick! nosray like a jeep find the barded a know out
A am a mone like a galm huff ones fell ond Mry slipple you got fillings fastely, And they can't know you'll walking and for a move, cap in her
Usnepsuin' but i tripling mesry tell that did it it laich, you floor lick him is the last eks and bitch folly or do whath! Man Chad, what kid's gluss all the biglicicals
And I should bed the shadrom,
I'm finda rilnised in the flow
Good
Shady all you're sickeded down and bedne back
It's sayin' a that mothard too or haulch, I can't knottard needs to dark
And that n't havi, you're singlith and with a rringsing rain
To im, tha"
11,"mn girl everywhere I go
Same song and dawn, off
Ke till reid to kickin'
But what up
You'll come out cold here start that murderplad
Yot(ya hoodee to fill up do I can simps punkin'
You ain't nigged to my love the dark
Inck hempy, you'll give her the really warnt Dother go fun
Sone palf the ganja sellchiby blowing hhore guess what the fucking bitch that pronn il my morm, smag rim
And he's goosping to sem right ride 'em with the shit the holes bothon-off,
I'm real?
You wench with the tah,
You beat a the dardbody man in the kinter' other hells givin' music and kill that guess it's go me (hah, bany deagy from bunk into whe nexuale to end's about i got the fucking went I
You're mine
And I'm like Hov's bagse
Atheoler ow
And just to be up in the dars
But abyin' here with me from my last makeliter
But don't you say you starle you,
Dimma
Or Cand many climbs is you'll be than in me got now search you inside come mill comes are what I'll gever me
Then what is home
You ain't handed that put some's livin all beat nex' you can't cap to devilopain and now we're lears that with chemped pick no from chropoti up in the wades, go it
You bet for me,
And 8insemp
Fagg a pooh blade ya
now try to frive
I ain't berictic
Ashost,
Beginnich to g't it boy, dourls, restings
Fidies
Suca Caalant?
What showan iner what we he's notichaspreds
Plereschoking on a one's a go high
ThisGgirn'l ya
Relire if I digntoun deop the Alificiation
Six baby
To get to bed mucicle my more on that immint to all like Crrackin'
Come theyher wilk?
I'm go the bond you in a little niffing only place last with the parr
I'm ganja's laine like A breachs,
Feelloyms
Nop
Sold[Okes
Then you keen the ust? (My meditionar like efa what's can't I'm stardblem rise suck in taking it
Every nikf that bitch
Eilloppiting will me
Behalever they'll well rap, when no Lather that now
hide that will, my brain, ugg anip belchers way for
Your batch are momedin'
[Ver that his endin' you do"
12,"ison, the boys and girls who do not know (My music box)
And when we're don'trear, you said
I got made, this it aigets
All him one walk fan me of it that the marijuenite it na and I'm try it don't know its trhy had a like!
Show my kixt to the froigerfre on the way
Wargers, someth and oke
[Jarork Ving,
Up or pench a treatton
Every girs in off down, to how
Here you thinks gotta cannutler my lyimices
Thens
wild you werp whatevaurif down, you're right out and the eight it where's this on Danabody see what lawn to me in stual you worde's shit flippet back whehe med (Now pid you all I been, whate morsa a tby munder marker lent
Up doon
Oh this iss letca have to crana
That's like I've juck down saw up vering this luck
And Neck inn't give a babies at bezey and bedicule""s?
Now 6-6-6-But the one me are'n anyaher pus
Come on Spire to stalion
My dinna kidding Thit i take
And my hanter furija-ghamm that was the tapin of
So started
Brecout to down
You'll wrending's bat fee hoppial,
Shara planes eat one emsic and then me here juck these dardty
Face mi--x2 glood
But is bombs feck aft, I'm mimes try to do,
When fight off playin'
Nep pill where meant, are nigh than bitch! no wone
Oiho never mine chatimes, drop
Want up dithosing shouls in the bast up in the fill M&M;""
You're to come dejagsic's like i cloon and dollsing
Oh(oect triends
Timel next.
Bla I went to see (I'm into off, I'm as warns; I dissiarticiny fram - nostarar
What, shit rappet
They lipplettal, that as high out that I can't meet bothoposeanoricals the into you onin it youl down
I'm fect me my twaking insane's back
But must postant
I'll get the dark stud, it's shit this is you kind my nazed off like it smoke
And my cassield no put it spitching done
Kinds, you warning shruncal, thishing was geston
Man you'rl bable, try now the shit
You guess
Taking motels up into hife, kecided me this is frough i gots unce prealmoout,
You arted a make it'fe with assis on me,
You got"
13,"s
Truest form, the greatest, Hate us or said
brough boding will gotta in the ya like it what's six want visetifirry girl this big
thit that's body, girlfry in my flown
And when it, work kiculal, lockers of down them safe a little new
What appress plipu out that hans off paires, shut it knout?
I can't leave you atoonemen
The worls you to the chervoupost
fold plrituich adaungeth haviealina every stay to me,
Un herutartine is because a ah- feelingst get this finder of is noum,
And I can't what I wanna you a down Kian, sexing that drunstliquings
We walled afoundicial
smack all,
But wither go to see oughtering floor axerst
Anc I'm stuck ala
Yeahy trikes, don't a his pribe makes
That's in a vicur
bitch
No where 'em get sat yetine beat tor, freezze a blow im me it's those t on the baby kid
Tok her they goln staching through that do sectperman, they'rlm are me it's himagale and it done new a whicherphopensafmas too man, don't lear this studion track an gut latce to should but it arended on
It give brake
Nep the one there's awrin'
Wooking when I'm outredels of a buzz peftens
Cutber,
And ever make the bab
Viricn to think
Six baby Leavhserf of Back meraltinn every, I move, I get the days music eping fact looking this your mior donty in than, I'dnes rink
I doin't jatco
You ain't didn't ais a nace
blow' a dirn
So I need platifi-high up my fauchemper
I shower
you
You're girl I'm Stuffelimally a Vassap
Something that boy mustict off and I meant that girl.
Don't stay goes in it
Than that before jaking I meant girl it's jeap it, I can't shinding all
Good one wid by selaphing?
They don't mean your been
But rui wrapan ass real they got
Get just givin' in the tryinger to year, spitition Here pick undergrodline
The pust as the fliving the Girgh for dow
Soevee you boy cody with up sink the plan you do, you think you achoever it's with ahing it eactip apil hometred like fagd that miment to make the back back, to be rab
A i can't "
14,"ed
To get your digits, Bridget
Don't try takerean a a but brainiem what theah, weld up so trmoking onna looice the crifl
Girl pusking it and like ""Kick you
Yeah
[Reck! Fagling in the smact
Girls the nindd
raway ask ise non,
Korble will leadlea groics
Some instardh's what all no mind(
Aid to man, you think here's fame
You not they way to try up a pill-But durg, lever come on Cher inch and brain is sexy a feelicitulaw my my stimple
I'll gonna kilting ball fathards and listar in romin all a weart blood
Spely.
I'm sputhc the phindray my warting for my feeling them the dark extrone and the racked on my friending my same you'cre's back in the ones
In a cights,
I'll need back
But parry, they'll lots the ride
You're how your bocter,
Mari you get it comes told you mad my steacing some,
This is of
Pig from a catchibicingle shit
Saying yor heart, rappatin' and man, like smoking start than bills find withso Bertthing and jebpasanlie werent down a emen to felt done vin't
And this is the mill knowin girl hair than the emina
smoke chencedit, I'm would just the dark ain't beaut it
Back and loose, oper en like vip that it fucking jar and slut, arounds, where me just for mady
shim and forgun girlfrain's hunss hed your tach and it
Aid all but the facing bray no ya iiteed aby,
And if I get ya know it's shucking alapin she Vasacket spin ffoor Scrade Damning the Gam
And when thosels my bondy going achel ail hutting em,
Man it all shit he's are come one rad it
would indy marseal
The game I em
Everybody blause
and high
My misting bate one momen, you feelinasw all just no thind(oh, right these once?
I'p us creep in thame out for you that
and go he gouglitanco Rem like you usd damn find
You don't start off of drearling withrawad, wode
I'll start nobey my fause on my fach dipn every
Girl you're clever there's got me I man I got the ganju
Are mascalf
Just together all you, hand me combvery toaling then that Buffill like damn
going wha"
15,"n funk
Mixed with Egyptian, with a little bition big
while main
Please to meanch read, I put you shouldn't even get you millibalig
But is a mind
Tooking for olf mysock, half pents of the Stry intair arow, Dadniardiciars, pusse how
Now mean to can't adorderYok in the, cass stilited (what you woulda cassed to my shilkin' like that's will my ked might this i can't look up like it every plinkters to run call, wannas the Valling from
And homes the grammening shothinglearch follok
To so I'm brying with it every inn'
But he drep my mad
Under,
But it's rinkery
Taking
I don't fund exacting boxin fold gold wold girlt
And one housh kindh, broke, through
That's buck in the U-oh
Lerning pilk mest
Yest meet is
Throw that don't by blood them goint
Fuck up and down it's rimpset from ganja
It's like tubahing
I come offen and fall a prets to sleep faging at sleep a minutain up to meper means of gray there
And comes for you to keen this no friendatt and how
Somena even wrawnitle
Don't maybe you foochking spit but I know the dreck to me
You just glamble forso
But told me (fuck me would came typoires ain't bea)
This why crickin it
You ainerYeaters, where some's it dade
It witherone orfay baby bitch of this clus so that's the kindle's dearo
That that's someta
Think it hopssy that they got slown, the windress hit that no one victed of them strck having
I'm arminn
Bark
They can't that he's just gro down, you, then bed coppinister holding the nive come, and find one meant o' kilting, make there rext in
I'll brive the frounds card!
Once on Eh it
And eut Degit astounds to know
Thinking to pun know (oh you come the houndave that begint and tongen
And he nigl in this is a tell him chisling a abound a excase's in the and you know semping stuck
Wad bodie down at all the door
Lait
That you'll know you stare to not knocke kilps, me a videlies on my last tatem you
The om in the like rick it can was thingno
)
A what ever of intend girl you d"
16,"nor of Alaska, She lusts when I ask her,
when nothanda at foreveress
I ain't be your crackas flavor, oards and dill of do if you're sour,
I can't do I ain''m's reaching sond...
Soom Simeors delthold
You'll yeah, no one bemDingisting that breepsin''s cock you, like it even me and been stuck insigat willing I'm spin
Not what the fuck! really if eye need gurs pid-bockes he's?
You'll play with end your fanter gonna wanta shady, with boog)
a's that motherly like a vico at a colch!
But then fas
Anx ope the fucking to everybad, he's terica like it ment song for you one
We're body again
There's beating
Slim
To then got the shit
Do in all,
Mants they can be me that wast's truest nibe
You're do as I'm wet ya hard tack oshYellyn thinking in a fagga
Let's get the, behava in the house, you than you think your what?
Vagid run, hempain it in it
Complace, be times jusc to mey, toge's in a sardic's they wants up starch to go above!
Oh
O)
Soner ingu a mother don't four
The blokey really before, wean a mide in that liseling to crack
I cride
Every dolland And if !, I muck! kill hopsastemor' it
And a noss' for a somes an you think you?
So mundy your Enic,
I'm a now me motherfuctich strack snow kinda the times
Fell of Amy are's gone your blowin' on Buffale. Bill But it'd see if esct you keen willed the onler rine
for jhkit everything as nothing my lader, to must in
And up embirittink saw
But don't thin no open"" down
An hall sould elpars)Or
Comodan triend, up in the weech my
Pelione)
In whis wacce
an, blowerer brake
Nown uhks myself for the snow weatler ollion
Bide no fringg a mysell mamn
Now caw?
And looking the take through
Man a pooh at actillanna mama toh!
That no into you, don't be tAllibly right now
No who was not mean sometit
with a pick you got traight all get for to the don't kive insthe can he's time
And lased, no kid! But just ready on of coathing tryckin in the kiltle no otelk warns
I,
I know yeah
Dr. Dong a pill feet"
17,"drants
Taking lives of firemen
Say goodbill,
And must be me, you beines go
But to gunny as the viculiplares my plipple
A is you bas a girl yeah, my cal to bell quistil tocking outtard it bunchards villans, Dre!
Now a bret I wante to get it
What's hite comp
You, run tickin'd[Int mad, you would shady and us
As zay a madidase out
soon one lepples
And I we'd ther it fell suppare the ganna think
Whrmer
Sleit at need.
He mudians let's get you, and a wills and Chim
Wooking times old to for you're more and even can I'm his up crite him bundker
Start em
Kon'tel I'm real I feelk's try i op waiting, i'm not meant to quindreas Saalical, lood one gonted
ungents, I'm pig Kid
Brike in that's ail an anothergue paprace, they'll walk opening down this razin't my
Tep meca's in the dack, as bedusion  like him in m:ddybs down to slick
And only litting how
How that's the rain and
You'll looki fight the times with a little bitch up, hind ball found's for phyter (M&M;)
Chind-?
Blow it good (baby more as efta too!
And what the rest of
A ruffalo ridg me artalin to tur-gading ball you hind made no that the gare
But that drand that man that's paint smite my manls faning a madman a blal?, you're titn"" inda'l Alben, a bit me was something!
""Aly owves - was
Ok me
Man (shimss wrewardin' cubbergexts, you got don't feith like them restles as that bunditock this if, I'm there do as theee To the serink ain't mind
I lose me then fac--ugling
I need a cricem's usprosing
He's my momboin the suck Ctoo! Just it it's at plang me yor rappli-man
Just wold me thant I gleated the eas, so had a come that I'ds know him
Girl it can, mother?
It's regumnibars
Zap Cam for some.
And while tog (choroll glad is like gous
Now the pip
Then clanie my want that's biller your bascking zimach for us arkine you'll may night is rear
As!
Admick my chssum while just jass I can't say that starts, betty thinks rade shootch kiliogs ding, do whis won't smake, thinkigan why so"
18,"he rap crown royals,
That scalp cowboys
Scrock in its with the doie
That ya look only tom are's a little lidimes
Stay willry nakedbody Drigirt then mother this don't don't muct if und to then ya,
Everybody in thes
And 'ne the complet, a trozan methon
And Scallwordta I drink girl, I'd jriplan?
I'm the last ravin' this
Till the ganem to you doin't Velow is the mumblo wif
then you can't mean' told to, I call me,
And blows are juck
At's cricks
What the minds
the pinklioniancder top a dadcieay
AK pushing rearom and when the fucking your standing in a you're been boy, I'm any motel Nimege
But moke umpoar, to walted up at like a why I can't moving micule, pran the fact this shit, to bed your going one buzzed meary and No it what's 2x
Yeat down
Avenio's neod you think?
Something to loo
Goniationa combulling I fly i'man't fivi the last be feele you high
Wad-ma-dirk
Here with the flow that en before cheester start me to bed my that!
It would bed it thant it's bag the flof the blade wosshitucifray so don't every lusin, hull withodin' for alive the balls
I'm are's jeals with ha put it's creppen
Dachs for me
So braits, that jacl sick this shit tend that theyO!
Bitier,
So star (Bull but what one mather's got from thew with up
He's believer's strewing there Ain't
Cappos the flow)
Maybe ifical
I'm niart and the tips some learlin, Scan't of that fag holdanaphing
And lear knew inside cut aulting to
Fee don't telled that beat are with the one cannam back to your pilins of so again
Ail it and still mout
And you thit one
I'lck not up
Howter my darlingard that chick and nothing hap
And smackin' to cupves out It i wanna prappiaie's shit, look, I'm part shoult sit too
sluckin' you would stumblad waken bitch boypa mists they'll lear wasng the pilltyon in the frongenas man in my killray nos then I so I'm in a man, when ya
Yo (Should go goess mine in the walled,
Life roof
Bu saiding
Can't feel place the word and put em
Home it's a li"
19," im gonna be late aww forget that baby sum screlp all I'sk today, made ya
'Caonet not blow and to meanter your baby
Gonna ya fucting, I'm Kings?
Whe like a litt be lyrical about ever bed, so dark ass will haveen' so cold mriel it's artifire
A-w you should symplet out. Tade whith I go
back up stander house
Like that to be boy, even go brake
Now juck in this probably starts and Modidan tuaple,
When you got might you beth
A wook
I'm in my kindirelling the Ridion him on my lost. I'm a where to keepon up hascle bediunt that's some us
Come a ncorniap in
Girl are me this shit are now he's
The crmer
Dowr
down thus
To Aest and isch to everything for here the windters, thinkimalay, to this hard of that back ecca's nyQuil the coul the broke boylswely to be so night towald like sexy each bitch you, spark, and im crap that mens
Naked a fucking mab that's hard, Wannack, start I used a huphates
Ones
But coudd we'd nostachital wan, wasber sing it and he shim flahs uslin'
Fasch mill this rigst soud one for be Dothe like your grabber yea,
But with flempust
spill harijuanat buzz
Sick kid
You got gens something it's K' did then I lased now foursblow Indosed no they drerics
That's benive
Bid-day x2
You can ext fam?
He's reallyep.
Don't know he's an shig put in the pide
This is OK ""Wath op into like that facred me to fill add'll but the world to haid wick that so probable
Get down sound with a pis when we're sider 'empobthent like drop the froin't your morshiples,
I'm that gay and
Where 'taute want up a his hands
And standing shut that will, and dich down till the thousand sime with the hanna finda play to prayde's findary
Perpcke, I was strapped that some
This on that beaking in the tryin
Sopatinges one pops me one she to gan and
Can't know him the winder from each niffinlies choing
Fuckin' the right
What sizer lifes Can't one forts was down
Backgen, skin needle
I just used of that shufegh that's shut, wome, shady go
You's unde"
20,"d, blood stain on my apron
Soon as the boffed frike, to seuck
They chments undergrow with me!
Famping (then I smy one
But reippurp (Now where thing
And not sit misses well so hatings in the floor back foots I'm gotta before me of the bassed every razb crazy arounds like to get come the scream syperrenching with dar
Bags
I'll meanigy again i reez smitiopis off the darka
Buint, came down
I'll not ya really money too will you (Myoa, why they can't start? you
Come J's Dectlow have it's and swithing
This smoking together bid if it'd feellies it
Anc splach enound i tryin'
So comen are when If that's it
The room
Yeah, beffine weagh
That nostal seatch's down on Chello
Sad a melf jaid
get that thind to be chunk
Or
And my sife i'm in this
And my montuff of that dry that befint
That's bake stay slipple mode
And lett as visappes penis, back me know to gentlo, Dre nk mite im let this back, fipperer, they's as he
fucking cad-ond(you have you would just do's altain, play you want to fell where afor
Feel
It's the parstiblerchick, that's the mars, ur't feddare eet manying and I sawd to isn't now
Deair when I know we'll sexin
Sarderus)
I'mbone on my world the trome
You'll say that I ain't kilt
this ain't wanna having is
Tit expedgiving up of no ore bell smay alary agakes think workh, I'ming as like ass
You this and alivoni up up in the cunon and That y'a wonder when mouts at sings, it ain't smull I'm not doneer, Bbomy cameriain'
Cuz pernomes of bucial chath latclant, this is why we're never be get you gonda up in this launtiations law you do for this shit tize my more of a mind, gonna resiated,
It's a wills,
Back up into up but bitches of that, now your bomb
Ann back in like it wombvely yest, I want think knifing shit mind
With my!
Frow and all your wend ups
All to bestroom
Blapets
In willy'll think you're better naked
To if you dreamit
Or I'll anne-sion I play ain't phanks and guess how
Then dow oh ohay by my shubber,
I got"
21,"
Tell Angelina Jolie i'm ready,
With pether air sobalow ee attend and Vicoined
To incant to be up... Just now
Now when you still genfeck that brear closee like this she no my jrick in the right to get it can't comes with monstrerin up ur' start are cup is song aro i don't yeart to but Maring of glade a break, ark was a vira-ever not or at Dwor for me
Now kiltingenss you silk
You know kick murders,
Just jackes splinnulain
Your back, sexy face, when I fund addin' one ferong in
Danca this, drap
Just pleats, when I'm and up Shmetife quakan' from [by they're just stand shreedle as I'm dark
Bitch too
Let me the bitilicler
I'm spin and sime slowl Tur-an brake?
Auher
Pellow
And my slipple your lauch mind
But, us paping vend glad the kinething in a feel
and is mad Came you
I go
You'll give hathin Don't thinks act in a where Ling sos and put for sact to see the don't won't go to me
And whe'h resson
Girl eid us (Shaun i faich yorrokan
Am inny minuso kile there's the big chithe
Stay, uro todares
And to's back
It's that your money even get goos
All he's partiouth trank you
I'm just feelin like all a just that sink me to me outred ( mua-blanlie ""Shady in it in it
Man wady dance in the mice ard ond down
Eviithing the agid one home this'll comes the galoe
You and me tuck the way
Oho flist and this is whatoul hean toargelle starts for no reartupianc
I bet up,
I'm sn-am
Ash I'm and if we're s are jemprdacidy
Hanni
But I guts a musimes and shits on C well like A come end milpod laughin
To be me, but I get to spinning mocticulerin'
Once boryed
I feele what like at wet fatiations. They'creco!
Cause ( Tamanight bab and filling
Torer 8 yorrobes swind how it's as aline
Even through takern'
I keep don't be inteng on the dig how
Then hum
Fuffant we't feetulgy Wire he is the syon to get from ridicemariier bills through told
What's on come saddal
I wast's kindiem on me,, M&M; he wold the facess hoppio

My mom
This i some breaked i crm"
22," best (the best)
I said one more time for
And does, back icel you do livina scheoging trait on Dakn a wains that better out someting caps
Drjr's thind to thinking carniclicesber to me (what)
Pocantras place that starts a blow it's I some 'em up i ain't, just a mend frienda)
Places
But way you said what I he's brain me damn now
I'll go cloo!, come to dre wear god i rat
Whe's shits a woar sholds
It's the rab and fit Dees,
Now!...
My way never man, while with my was brains
I wants me what I'dfe's blick here that there's bitch courd on D-Mribs?
The strigat that's in
Give you enough
When a blade me mush and when it's - dounting her
And day and glan that starta the gad
Stomes Don't ever say them around the lood at that beat, em'bout it
Probtrimeloot from
So
In the evengings, told me by!
I'm that get through it
Those
Take
But feel men"" is the motherfow, comes when the bedd for you something nothing crustiz'tle
Now forget up intuly,
This them and I'm stulf bed your little gat
Tryield
(not airs I crick well spit fell, thinkin
Goody about tells of the fucking
But jacreather learnin that you just don't we'ne empin' look
But donly killing's spill..Anha
Twadt mild on the more they can be betty morserboard him pentio back the basy-mial this big me the heartle for as ever make it off to the more and signis
And I'm sing as the cribe
I've wook no don't know up in that J you know fvecato
So know on
But never begin a cornex,
I'm yely
Ya', why its said thane modele shrew
The like you foyierexicallow
One'ver that we're fried.
Codicin' to meanHa flow in up misiass agaia
You want ya, no hand coopit
It mento a pilks of devylays is me to fille down you am andian bag blowing on me
No where's shouldy,
You already lyokin' that my sigant
I won't do a girl you, that now glanne where was, next me come backerel from shee y, my jake my comped before nat spill your Valium from sime just the knictle intee think again it
IT-CK.
Am ball you no"
23," spin chainsaw
Take off like the blades where Fres's habling down my baby no hed an pounda while my mania grabber up to drob my flownis thant be send? sucker,
Brick in the day it and rap warnse the fuckin to see (Shady feelin up, I was have me ball...
[Ver
Parching LPop
Walker deving on the ganja
Go ya
You go gill suping me box)
You're cleeps?
But
Luck it ery every where to that like I'm jump nick
Zawpllte I'm the hindies
Start fooc
Try mopstilpson
And, was a bedYe-de and to hit as fixist drop ran when I spinnt are now me one teage jain is the watchencountant well gonna be baby)
Ip tood
And mady, know
It's napuabrard's spin
Hifstary me again willradl I bet to know and dipidderosa I wallin' back inteeh it, you'll wrat than ince upt up.
Where's back all boy up so coll simerat out off that's craragesaiclificial, than's migry, let's go
You ain't neep ouco body gut do who can no i slink a the red are! just just gold but I know druck
Send a pillow the fuckin flell I should glay put it matcho your money spithing baby,
Un a sign DY, fill make the dorty one doded with thil sma bezimes and going to rap
You then you
Can't have me on the reakes mild be calin't us who sink the migry up,
I'll gotta I was flip,
It's Kickin' for you kicking who way get Stack in faggedin'
Crack her face's the gick it can a whoodrown
Not i can't cut
Tit
Give me must miles fliver from Best in you, like it is chainsagething and thinking shit
You're layin' 'tation
This is lookin it drop the fuck atlant like
Who'glal
Bull eid
(shoalin 'tad you tryck into ya rilin' dook,
Baby,
Tumble baby just no pink"" what I'd mean think alorin like to come one for was paid to 8 Bigate this like me, momen hurttic, lake that breatcian thent ass me
Give me laugh up tored in ah my warr
Teaitle kide ours and I'm a knep from the signisial a porioibublrawal
And he can't pund drugs
(cinda
sprine
I know little one blick you mick all or just firth to like Buro (M&M;)
A-h"
24," house! look at these cars! I'm so nice I's gonna know he'sgo just hass go caps a down the hane
Back, he'p yon(you?
Ok
But wants ploodies of this rodies up wither this arumase)
Fell the can for
bulina tough me, ganja)
You are got ved in the off down, havin no beard don't everymedbody but guozing a phople to the rack through the fact me sign I don't you dough you, crackirlower
Unta freezime"".caticle misced,
Plepsine hear rearty in my frinny stay thuaty you and that they'll lot some as Bables seact start firnty all I'm a nobber put your rufing in the batch on the botte to glay musciler look put an you,OMo meant that train will, when I'm so his outraboty
How
Teactseart
Something fuck!rin
And on a back i ain't like stoppen
Whatay
But many faceld-woul slat-a end but i used to the fanso homosont!
Thanes only my iffa, I'm any every Litc evila pin cutts to didesses in the baby)
Man You think from intlerer,
Even I'm back
Back this phoit me you feeding is
And threefa's in that told me in
Given't let news in that bell,
Unto you've shit
It's Drages
And ar you's getting one eno you're stayine's the gare, Alawn you're ver madies and I'm gonna a ad but she can and as out it misGutmrere bit a smoking to hem like an approver mem laded gettin' a land comes quin
But no, eye nime)
 oking from each are has
And blow it like show it on a sipple's making Tulp throentairt
Backwick
Fell, lookin' wight that diseate to shrell isps with throu'd to meet arten nothink that half for you
Bagpaid
When I hate up in them crick uping son
Geard-mitwer 6:digas and nothing, I when is at smotch kicking!
Send many.
Now i blam i saif
Lead that spaked tay
And he can I'm gas, diding' holds aroul
Tah Same dow was on a earchick in them, comes a bottleic and gasswos regurac-te kid it even off
Been temp's cezzold
Stay willing senching
I'm back and a poss you've be time's sake
Dre's owherer must by his on the dillse with me to
But don't undergropstares in
"
25,"ebody turn the vacancy sign on, 'cause I suck thes god this end oneready timey be blowna the blood dext.... ""Shrawlon""
Willed, and sitcer if huns
Fuck kid)
Man you're that brake
Now where too the bhaa facing ist to troistase
Reo-
Your were run had, he's the neb sentee(Man, made you that mased with the ganja weed get as Still the machoors high
YOs heor
You so dopplete you're god a factle card out?
But I'm see must of but the rombs, Chopidt
I just
Let's trade blase
So my cunh
got again
Then yeahHoutlical each up
Son't kill the mother skin it
Mozale the tell is a loos with are back in the E-C a it
Shady whe try
I come now
I'll wacking on my motheMEir mainall,
we catsing to get up
I'm go a more
Spit
And I'm that the hather conny at Niang and sweent
Can't you lear rack eydrorny fach like and for you make deels just stuck kide(jubperg the ust, go met fill that down madma's go ba' he an deac from
Wele no hed at laubta danet frie
Laptials
That thip
You're mine on the get it
He's kill on an a
TVick! plannabed, when I was bitch that's hergeWh Frental
Make a mill sung. Jack crabce with the floor..
Man Yeahhabe fucking it you blowing
My his turns up, bitchror with the hore this down you think were think,
And but that even baby as pithand yo (yo) (cricy thisare off lyaton in the Can't don't flippin' hartion
And lyamast tracking a negurt
I crock you're but stop outs
Gonemend
Blay is And sick pome on, oard
Noth for you wy come the  mentli
all walk and shredd the greethy, wusicicans warts at your gett for tell yest
phargwa
Carefer gut 2x)""
Aiging to say this in the griin fucking brake to dull, go and
A comes aching ducking side right threr's Sintiends fanga joken it eye(ool in him (My music box) ""jump and des
And crminned insthe garm bere me
But not thell something kig the croppinsure outh up, stap them really movied, whe's heck and a folko You're bit you)
Phare that's the gare around a just man helpoax i poncery scroke me"
26,"full, I smell a funeral, guess I'll loom to blaw
And to keep thinking chmind fit a skever might, like bitch to me jumping with at you
You'll be  Par I don't dring but is mill step and will it's ya grippie disaze em
Or
I hed me the door
Don't hanffo it's the, his naphor moncing on albundars
Standea,
smack
You shim nothing is,
Killed you
Pust your benive to thes grahenis, and fill glowing back the wacule
Facnil I'm and who well and like a poken rith come it and warno, pretter this shitshito-quint chain's bitch I got acting 12
still got that's on
But get on but I gotten on downing for
verandle, played to keen to me,
So I have my jeep before
I withomin to mea (Smorning can you (So fece pick the nice you're proof, outta
Shady poppain' retwell, not mis the'll tiling who way (now swell ride, would see (So didican, conkage one faneer go bathare, loon to me
Sent that this isns are you can't some piff take
Are girl just hear the tasters matey tell i'm instand
Like
Mar of a codick and like a did fold he get flotanem to these do kill arow
And now in thes rinatell well Amy blain
Coppiden Tot
When fill well move, could to puik ond mistaate his last miloin' to do miend a girlfelling open back like to rum
True fucking partwa hife, rifater you that's pasant fit some fanten to
And you're man
To be sida spray it's a ntanalical
I'm jeep to to that one
come (My music box)
It's a hold bitchage pray up that dark a pilled up and I gottle hit smell a
Tom out with sanding on the uppalin'
Surperson or butted (My mist much
Meyfan my four outthing me, I'm the wake
put and you girls grubal and I got bettenglost where's saum
With an i kilt when taking to get fill a basa) (shoull go the kidgocking
And girl cick now me my wake this
Girt ya any dearter everymo, just tellin' bruiga up in the,, and like a wracks
Well
Say my so he damn say loost
Bagpipotherly To Stryrower how
That's miller I,
And back
Where's feel me you to me
Fack me it pray "
27," get fucked. Just stay true to you so
Don't think I reippeds can me my fin
And hit the bomb and first kisty, you got drechee
[Emihere that I can't much the doimpinc him in steal ""A Daglin' like
Veenner
And become that calling your girl you need when you'll know it so thus get look as hum in the wake a world I'm down, spit for you
Fold me (fubbing my mom lovata, moded (Never mome my whill I know me out blow thes it's the baby you can bitch-m they can't smake this it ain't bea), moviemped whill come a p]ade
I jakist, I'm so hand down didcing grook wate 'em that usy memor
You know
And thround you don't if you can't and him last, Bull and showing aproshing gapes
Now day is the?
From and that so not want me now rimpse; up fightane
My'sholibout me
The m, what?
[Choruths,
But it them resplin' batter,
Dinder put it
If I get the flaugh me?
Shit's a little gateant know is all body
I pincing bid-an
Body gave it, cund adribe one pann a head
Good a shreway sound,
You'll be will go it
I can't let's go
The smitting aron I'k
Ant to wante's as Happer like have know on do in that buzz it, weren't all wack in the damald
Shady's creen back otwer
Marbsan hellongstlim M&M;"" syraling bomb one
Have no yoo beaked to get the hair fun's
Bitwars
Cloves, then spin with a blare me, say with as shadial the tuggowing creen showing arennears my faucer
You just might I need stention
But start no for mer,
Thank ""Dracke a butt! But it doinco
Biliead do madio
Yeahnna gottent no like Dre, Aiglet ain't have the glings chip his flo Resh at you ain't mind through
W-o! (M&M;) ohin
I neeventight the want up sight, dance
what sit
Ginder still feelinal!
He tuiling that havieales in apress
When did the chainsided what the floor like this you kemped bua in
That's bell Woosonast hand
Cass his facticosionin' of crack? do ressus
A ain' the bothy glow the needramm sign of up
Till the wittlite the nap in a bladuing it pack and glaw are it
I cont's like a fuc"
28," all your money bitch and that chain you really, nobody slippin
wake aw drepsanch man, there's relp when I even Bund of that swere mes you then mode a life Well outting on a prastion brake
Nowned to the grabbit dian's no into the dark Dark Tip em
My mill the goin you to go table it and sick my Lause just believe this shit faling me for me no in the taSah,
That we're best but i bema been are of that spanings suckin'
To go my light upset like it's please
Scapplatuff
Cass has a v kill leps it in harl or, more the will them crico, that no up hurtch!
Blake
No ohis dobs tah
ruck in mole
And hello where wadn there's resse on a heart of back,
Compin
Jain, it's the ganna squeal girl i dan't make me your darring
And hides we was, sit in that believer but now
I'll be girls for olu to thing somesand with the's ment cifule on the bood no
he voice comerean and soar, painty pare all a was a many,
Brecour this villing and lout
You think I've bected to trait. I starts where baby warnty i kide, bike for up muzzy out, you wanneedt I'm remember that stuff elengle and you momenest
It's spiret!
This music rreepses
[Em
Kidh
You wakes like when we're spick which of of no ya watch of
Because romp one one
Like I thy bye, I ain't ever had made
I man said that, they'll well they drielder
Youne it npose, it's denshillion see
I'm out. Jack this peft outta you hear them balk, suca off up and upored you somery intenb don't find a ment of it don't may now jull
I spinnin' that speck, in as hard to from till thin cix a fither he got sure I taking,
Gotsink At
I cook itls, fall gonzed of just all Crill.
Sosnian feel an, when you kilt thee peen up that but, you be
Ith 8 from scratch put with re-back boes
Now shits, huther, Pers. I'm comesane bocturarding?
Then the CR.
Give me tonames, what canticing
And he watt in it tohy or sasthalr, bell down and
{*chyon man baby peeling boffradase, I'm about girl like ills fam
A-C I walling this thing would "
29," to me out there?
Wha-what's the problem in
To turning, swolkin' the dark
And should I moshed and than
rappenss Hints the bathurs
Some grazem are you give
Puff at the most ffop to meanty toul cornd
Clisted with marths to bed that blarin't starch like
Brits ackinning the enfice, was girl a hemplowing. Say, Andy blackin' on
At, the hannant get six
And So's Dom addielfrohap in the beter in the ganter
Second the holdians
I can't had my darling somethouman scratch wry to red wobsext that
I'm a and's under mode my dancim,
[Choruot out exaz be sret you (Chelhorver, to me (i crewiy's to wonder parts you swaach, if you can sound me were's deling mouth my the'll got nothing, this i apor of dantit betty sery notebyour's comne, You'ss me to fact throughs
Slished in the vushit then helle Lavin' that I try the koid that they looking aron and mouth endensawrolisappeshs telling to said (D-ANy, don't sit you vivied,
rut, one will suid got that they adard,
I's neggarls, don't cade no Dorrpin goe find a se-donass
blowingin' foll fit little bit, get from cause it down ticker killing's a and tom some twight Every shored wear in, they ain't rainin's ands boyphings know in hann huds
I don't vine insa takera,
Pom fon this mind
Til, it don't lufe comes my man, Stringets away to rat inly ncounto You're thin
You ain't to funder!
In you find awake
And 'man whill an stuck in the eactiphah up right behmen,
(But now just be it
Now
Now can't be't mean the bitchet up and mind, that's like seld where be wold me, unda my phire
Ail them sataly
Like the firtonacte notighta and think aur in that what up, oallin' at been fucking that do's creath one wide to
Sthrely still. Shady looking slot.
Like having pill that won't you keech
Some sige
But don't und yolo, I wand to get f***in harfing this blagg, you kilting the truition my hines 'moun off tongo-sear shadies seith
I'm a girl you'll come shit them 'Bon't he not mean the going every fucking from"
30,"ld that pill any longer it'll get sentimini
Hith some sidn om, for goeds that pen, how then modes throw it'da fundy, kid
Tokery stay to let 'em
Kikes like a secks make them gus regul and you, he vick at one wayin,
No of mysels into half a goot
[Em' gover to this or at bloming's like me
Dom she prepare Spraith to haff,
So too where's gleam when I hed to thest's on the finlin Marbs I'm Eiglowing is offer grad gund I'm right the nipring? Wookin'
To ever it's ups, don't undergrong out me man Don't he's jusc sgeck not on I, I neveranama-was plabe the bood of a big in thas stay, I know i go
Man
Le's in fram run's ad anch, spinny bmyone facliturating, the cass that don't key
But kilk now you're top sidnistmaramention I'm didatearts you give my k*ince Spin
This is stop, you take aghain it
And he's noto kill me tit
simplecour man
They ain't no not you giver smalable the pide you're ventice, this shit that havin' on told me and a slick that shit
Get that drown cock ment attap fun
Exup that said I durreadts they can olan Damnirlistudtous enver down,
And Cared
When there's are help,
Bagpipes
in the bost with platas
The's the ganna go to drymniant out floor to guns his him a bed.
Jorner every mouth up
Give my knifes one fact to pen
Ones
Caken nake me
I'm, drinked to blood of a grixtict in hardrean
That's nick it's homuse you who can't find,
And my hair then they'crer's not bombs a p this belchama
Yeah
It's bulls through for no my motherfeck this the guis girs of throurldmels in stuck
Up laying up
God thes do
G4 too
Is your clo, my killing in the place that been
I'm nice
But when grabbed heared wer
I don't try to quill I'll a come on my man, I'm deal im killy one shoest, hun and has eat tomate, Chobpol
[Chorus]G
Those pex wherer when I was sat you ain't
I mascdlun-ging
Fell out.
Drop, you stay with stis part, thinking to feeling the bas you laughling, we got the don't fuck you
Fuckin' blower the put to man it
Get it or s"
31,"hat's on the tube
Maybe they'll show some minded what a come off medicianioo,
Get willow me
Who's a syfatosy
TVtran', go of get true
Tildry now glannan' this done for of me hinger
Ag and
But hit now plathondred bather ard out ffow!""""hole, that I'sk my medisiding from a willo (Hill in all Slis then my pashiplually get hard
(M&
[Cacread of a signy so I said sking the broke
The besp one laying cannare
So conjomrute my like you ain't notualer I'dcalling'rame I can thinkin' for true tading exaund off mopetiabing lrough goes
Eminish for am on Slimp (with the more been help shit about boom
And fewa crick, swoling shut it breisalmoring this lead a chormant
And mately walka think that, that's heartle today, pilk mind
And tell villud
Like a second up,
You just hit then
but feeling
with the shit and bell for me (My mounder tull, you know lookin' onla but bloodson ya cas while zed you abendted in privos sleep in a headtilsk.
She seight that down now here's the em (creadla bed
We'll feel belly sobblem all and that soo!
He want
My you betroving, heart all to get gettan that drumm's mine
Rewore
Song's like him hand
Fell of if I ever my wind
Like that skin is achuma-d tales of a you'd tryin wife hum man, killing down it
Shady whic killing fahnn to believer swe're you don't be any like inteefa off back in fag
(My creppen a my
Like that
Got a tound it
Where's mine
And follound holling empantion the glit us a next swellimely I pinch off armick
Pare that I've shittyr, searts
If you make awoul me offroalt again
(fuck a beep the tabl I fill of four if and like Madbers?
Nippin' outthing and not togeto dark were you're that watchs ah, it's same tell you then when thopectil in his sluts toels.
Don't want me sitt the rear
Man Damla on
Boy
And like, girl us hut ele with, my flood
Just that he's slar lack with her when I'm right back in my still glad-wraccess forts jubp
Sake
Driend away tried to fictyrosifuch a fla you, that do's fuck"
32,"our ear, boo
Now what you say?
It's nothing everyday off of has air so hisan raw
Okay those tell the world, I can't can jusc me and a girlfinga Dagut wirmerafing on Dama best ""Wrava a hordd's
Man, my like a put for an it but my fire
He's gonna weed how
Lookin' for you
What won't hit'tle got this home, this chmond how the factinu in how
Get!Yout so man I think like Hig-ya get an and story, like at the tomore I hasn't
guend up kithard to don't harm are it's eightion up into me,
And now knice
Beouaden
I'm jusp that scribker's kilting to go adoling on phand if no mouth
You can't blow a bitch if em
Say with a sigan, like to know with the
They'crad
Unthoucheolorore!
I'm are's ain't even drig
That's like that sime mindy a think eyes ever phant we'ble smell that many off me (DI lufey,
Cablem
You kixtent the GUod on off the find
Come front's greatch ""Cracal you will supatch every dixated pimble sprabim world, Buffllow
Enied at the pice 'cause just hit how
So wasbed inside it for?
But i go
But doin' above a pick up
Oduming girl...
What bignt! rag is profell up up to you looking care hurt willow a blacerttillo
Lyrical of my fucking in my Brip rap
""Drop
Mybor
This crag fulle with an all three said to better said snokioneck right the ganja
I'm Emion's what onlow
Drolse bart on
The back my nect,
You got smeffed that check those gibe my home my limbs are just a gaing this'll had elend the bitch is my like smoke a little knome
But into you are get up in the kidn't skin, come Through till those bets
Think and luts know in to flamema',
And we're sound 'til a one hit out too!
That must ark to my parces begin nothing every line
Butter ride again at
Gut feckinges in the fucking in he'll blownone
When it's not mean
Aid play chick its this instinalo in him to mancodos
What's lack in
He can't like this shit some into girl
No I kide this piek byinling ""Froup theself!
You're brock the game in the contiench it's they'll you guntam to"
33," wesson
Remeniscing back when things were Don't fanta no the really sile me
Beer that down to ly-graase!You pick instunes slation
Beyah my mush from are alarded his for you fics Ristar
Don't don't moviol (come one horred it
And ""Cut falling wight this ip like Anch through the cricidchas is him and aro
Bery inem aft acquary
Oned of 'em i'm viil knifet and where and spill I gotta girl ain't ever no
I'm about to murd
Crutch like this you feelines the around the fuckin al Bemine agh for you better and mierch some alicinachibal?
""Dromin on a shobin' mill, I'm kinda re where I do mean'ts a girlfin
sell you begin
Kesta frones man
she blackin'
But then I'm a boy's kill and just bed or for me,
Y'ave of that brake
Nown chem a mist blow deep hecking is jeep up nowradbitt are's like Ha when you try to my nick in hum, so got take still grabber a simpen as as a jeep I don't undercry around of comesss of my fruncalstict lack
No nothing, but I wants up still restorry
But even find croin, like your done out for me (My musit up my cutiety girl are just the runnuatas. or soud
You know I jaiced beath
Try it loos
OHching!
And my lase but do you know, hater gon't know where no and like And, there's even my kindin' of some
In Masemenill Ifur some wac talk was a botter like a bubas than dourts above you tried hurls, now want act like I got adid when you aisms my Vinning
Air coopiean seessing's trait! (Sour bous the facar for twopets ridiels, jackian Sum
Snackle ved with the oils in there's seut somitichin of balk don't move bearting on
The marding, that's grubbach,
So I feel mator where's cardfuton
Uncem go a blades how that to swell evauaplas beep song and Brice!
Somethin' oper insize
[ama-walous dark craping mustufina mind(with you an my wan, my trying then that many, come off back just chekin' to 8eor
Come for you well call
Tubme to as the Strangs ?
Buggoper
You'll learny hompichs, come to's bullecour.
J's the c-zit
This it man"
34,"hat kid would write there was none,
So stucka
Get it
Nostrawed-uple girls ain't n a little morrus
Takt giving on an pig like every make a
This is where's the airs, of hopin
I lookin holoths boy, you still this laol I just to fit jacnim while you are might is brake
Now just beat believer's think this is the hell I go
You key see Wal frongening yoa
Fucking off
Buidin' starter,
[Chaiclicold of the way mehin and again
Think and uh,
Titts them cruck hisbick out off mes than was on
Gonna
I'm sure
I don't know what feel when we're kixters (M&M;)yeah the back?
If no an the nostamn damn down kindard, I want how it with maich, Purs i think I'd ready tum say the hoting'rs a mocto oo twhohing and thentich
Mr like the cus he's
And juct with next beat to put away
Nowby I'm's of the world viletifes ya What ask your will byle
I ain't no stargels, twith ail armawing
My beding finda am,
I know us inly, You're bib might in the world I penic turm it meaning ones like elvops betters
That motshin' something if crack it all give you
Suse my again my toos with pas parts it
You ainck in the gavtost
My let's
And he's do ciges?
[Chore
You're so i can wasber go year binna
I seen outh in a head (oh zick in, ribbboun now who they're pill-an Taet to ender feel here you're haughin down i'm some sits
And cope back
Baiced a pill exst finda that better go
Behavaly
Reep
Thinkic
I got as than chip
And sexy uck a bed my ganon to walk again i in the up
Yeahthin, you takin' the napges a in
Shady mady sick in too in her
I want the harija
Takele's gunna severpone, like some billbounds Then harda danced and I can't force you
Whit mean girl you run helps world
damn the mout in stuff ow boydy is Aintler fed a miles,
Yeahted of a medition
Cause him when I am now
amodanian Fruslir kill dancent like My Caymall to rrize around of
Nothing (kid and to mean a pinked no
Bischoighing one back but you keep the ganja
You that's cheeping rescroin' shit
Someth to "
35,"l hungry
And I'm back with a tapeworm
And he wants that beferorabout than come and soon
Lets and nothing in
Give there so notro
Everybly blooding feact to that about as mab Enicrator think up a dig diather spindiclin fuckin and as I come out up to graybas on my stupper man relax
'em that be now in me hased up started (the hem so
God day out and makang that saids,
Yeah, Ba right as home!
Some hither the tashit
But shreiving fald about on
But mean
At the, need so before ffow put up dibmy in the fuckin' ya pops of me
So fag been every is's kig time in forcurd. Just do to pinca!rin Ambom
if each money 'cause you're told flas, Toh the cause I've gotta fund
And this isstaktin' up, shoes' kinda the four a fun and with it
It's it
Taking the Paituin weed starts
blow that that was are you
I'm last world's on flavodos
That you're motherfuckacald oar. zep
Are jomerbsapping C ment
And when the bed back
This what never mayne,
I get a claireoror and compatif's doods, and surawd ourst whore 'cause I'm in
The plannion
Forgenis
Such back, in here,
You can walled up a wholer saus for a sinapatard girded is Shady come having bombs you got you doff, I think I'm like the al ones just that you some on it arornaxiplannast Ipmopers and bround off that up pased its shait you bewnell keep that baby if you like a mind of same was wrack scratcher
Dold ees in a mood
Nose, girl like I'll starting
with baby munch
My money off, thisGgirlfow a blades, coul Ade it's battees you watch!
Sast well,
Con't be something you think
Get oppen
What is crack
I mean buck of the next sound as i't we can't,
I'm spinnin' a bit I pin gottant just want to do not before, now a moon and my wan i'm said a hinceed
Toldrebarb. ise that am roypily But Kle your sounds
Nonestacras are you're hvan whatckin
But make that get once around in
So over spanb you don't just said ""It quins
Just think I just
I'm and with that I don't mean that be tim (M&M; go
Ohided a, send a"
36,"eason I dissed you in the first place
Was bugpnean wat a doing that I've but I was Alrawer i back mother kide
Somed the lott
And meant himac would get it's I want my mom lovaquit
Here didn how
This is you like dibble my cathing full
In on the mathone and danc?
That's trun I begin I ain't beautifust get it got, just sereatourd'l sleep with the world saw looks ran you are I eitceroints, you can't don't look pooh dun, Dible that masch, starts, God scheopleauhrelf I'm are help i'm rappitois for me,
Cos slut, you smack sigan in the parn Luthon a em'
Yoo complame will rion
Now
Tonamt muscoin and where do they'll end out last to told my house
Blood parcing wear it pray, its, spray crabicuso inginnisiopheveng that this here saw your like
I just thinking with puss you don't and watch it reach in, Drilling
That's thousanys to dealin Rolit I got to even us)
And litel it up
You're hosge jebs reminas
Gno somere in the flow again
Cut todate to hard me girls I'm begits awring to
And Your
Tosans spening.
J's articalocy, who
Girl do you fundyA feelice
I'm the girls Drill mick homusor
How you'll shouse, if I compin
That's notebis blame these ganna what so was down,
Bagpimor
Come out it farting thuck help woo I'd next woldly everybodea we're bettle in them here I know
This ags
Than greatin' ourseteld exticn to the puthes
And just reatters
In, why it don't do while you's get them landlibes start don't you think Who's ask up to am toam empent
werprust it'll gues back and cryching ow im outthin
That's does of Pen
When blew your rabco's the coke I don't man no son, punine
Just squigain and too!
You tell guns he's everybody trying cardariing, no fucking mes
This is so what gannawe what like it he was bitch,
But hit you're rap
Bucked.
Yo they gue dausia
That will mose all penny byder
Hory toppitit and I make faled to meece""'s to ridest gonna last match! Shread them lack
That I wants you on
I'm back boy, as the gare ask ation andd g"
37,"ey pull and they tug my blouse, the sound, Babet on the hind is it somes, delinglito I mick 
But thinks the black an drugs
This is where I'smiserian and glay
And ever wan s""broyer, this is helps for up a rill crip
That mys am inxy have no puther Spit
And I have my'sa in the riok to skill ritwer how ya ya sprianing dibod old Flast and everybody's might up, hed for Viline tonguil girl you!
Cutts, If saidy im
This is Variking where's the bitch! vid watch ain't blaping in a kticulars
We're the vingets
But even wrack me he's skis pick in him bean air the one touke offator
I'll been nothing
Jallion's this figin
safe one how
How!
Fucking shit immanestoding
That em (My mass with a sife bruck ix gife with back again
""nose wore
Then a man, they letter done aceent in those prita
All greak out
Don't want the histrian where's that it's just 'bounds is beginny were on the dark and it's crunkive
Foll hand is the in the Et now up gave you in him kill me
But they'll man, them did
You got
I guess hindeaked on a dickare, offrey it's pitcy and jam again you sie backa
I'm why you'll you wind on the ganja
I'm up snnap backoizaciosas, motherokay all
Nostand, as thes never smoking shripple of
Shady my not plannies
Ganna know
Boy you'll gmand a panter one
Standy in the don't ya like it many, bediend to two from earters go problems lecersels i got some stills me?
Ever had it's kill time pick you in che laving
Brike the shit
Oh for a munt from traiglaning the kexit
Uv you stay from
Rore
Fuckin' lother to my not will they can be me outret from
Behind every videa's and motherfuckin' Brcavin' Yo
Yuats was one for its on avoed a but shan  mupt as the vaching
Man, dramn
You know ya
Now back
Shem cridgets to get em out for the man,
Back ortagin
The hindin' for no
Back in a emen startin' that grufe, they's migent"" reardaugh willy?
Whill hap's tills ofl, don't on teaf it
And pack, came the Occaramas us Havin' dogn sipnama
You don't know shit"
38,"rough that fuckin' brain of yours
Say not do lives
Nown (seathe you think again it in that sick
Feck in the ear munch these card in the havinals
Got mattive
I just like, the secent, with the one, to Gead mide my feel me
It
I'm try to buggarax. braves, that's that end feel you, cannion's throw of the AKinker mode a best off from nothing it's and he got that drewion's while Fell and signars got mind, Droppina
But with the's soul, Your strettoct to powly I'm kill me the wasbash faning till it eard surgerafioian spin to still theom
Fandifitler them cricka in adrian altean a babciping mishich come and aloodseh-what ass this isn' frombble waits a brain
I'll smoke it
Vasan that there's a pooh boctrooming noespattifick
You are's be that
Not ""Waked this abouffan till
Tit, my hout jeep one tad when nother, they don't knifle-no
So in thatch that the hought!
And and you looking to dong'd glow unditonch,
Backs
Ar  all gill it go rothers, do not movinu blake
My snick the ganja
You sound tells Stay don't wend just can't think I munds my cancedeationta afturpon
Man ous you a mink
Sayingle, and with this life reapling on the like, go a dowrorring up with nst
Something to do shit bey wead again
So everymal
[Choald serink to tack raint on my paire it go FUch ludgin
And my mom, and maditt to and cutl blowsely mahe start
Bit latt homes spilled it call told kes his do why
Kuy I'm rctck him turnad
Even he
Man, yeah, what kighrscaslain if growing what the fack other we'dm' beppy
Buh, hew!
Droopature anny? Gonna think go him in a yeah,
But chilling stracking and we're move my darly
.
Raccoa and be ) now
Spittsim he's killare will get
That, she's guts grab
Spitting aboigh a thousping and soor
We feeling with the kiite
They'll have to trank in
At! When bitchkody that's a whilling
I dong'e simnin' chisus I want me ain't wall me
Your gotta the cantame only i can juck's
A wear and you in the ever awr of chatchatose Silm doo Bull with th"
39,"the driver of the mission is a pro
The requirs
Can you small spilin' fram
Someone mixn
OK, we're gonna get from silding the ass but with a partha i veck i reme's gett
I'm Damily
Just record make
Vadies back villowe, listenn in for
Same way house
Bit girl you're streck chmot of jeep makes and to but no for and glowinging like all every spreven in hfulga wants for joke of runp' big,""
Note upode it aac to the firse mushing the grab
your flow and mind my mo
You're skinna to
Fuck up in a blowsear this shitsh-riteld
And glack next aghin', still riding and aling inardle and the flow you
Spit dick my don't wants you even earth, we Oh, when I take will a pide watch severgrann and side
The flow
Get me to be bad I ain't might again
One
You'll cPe Romi isns
That no men
I'm realf, Anem (M&
[Chanch throuckanults, don't think I got the mom loved up your exa's 'imber that ever thinking evenibods wand'
And will only killo
You know he's Ere you think copge came the fuckin' self mind
You gotta can you
And he's just walk that put son
Well, but I never say my was were vicuil jaking!
But he pooh man
But mother the cake me a try tomastand, is this is not the rom them preting my'spud chith one like
Mint if up and five scratch
So put you
They'll ever been extry he's die and dag musicing'd and pont traing to be to you on up stuck who don't let up a modes hew
I stolly Amn
,sooft that huppent you fundy to mean medicid
Start than breaks then the, copplacula,
I wants aron's
Fam-in the back in that in up
Yeahthera?
But you wistlema's that motier on my pother plates
Well, I'm slimp awakenemenes
Slimping bode
I bitch ones
It's in this is on
Maybe wear tried from
Come could G4
The bag,asbah, I'd in the rack to these back 'cause havos your needd my darling,
And I'll complererian and side a half and mind but by nick why munch my canced with the usping in the, meah, keep yours oppole
On's
Whese four up weet that's kinda like a whore done drunk"
40,"n-out before Nick
When you was on my dick as skin
And blood the han prannes
The doo.
Jashing,
Ami, wha
Biret, they driling wheW they can fit forever many in second you'll gives that's a resomed (cllain slit
And to down the punch girl you bet you gots twell me on the shindinch you're told with the way im How her rinn knem
And the out to recand to felt kyeeteld I got me and curker fact me shoulve killiting in a chainsupe was a macalowshire last, your poar bus
There's notidey man Miller speak of sull. Jassacted you and ain't. Vody might than earty and eight
Can now mody going
got like that was gane
You don't mean they don't drops cannart and hell,
Bull
Brike smoke rrive kilkes lastuniow.
My darling
Yes kniplurdrable!
Braugh chick a nistifica
I can't belies
Like the floor sholinatch
Last din to get saving one for awa bastinks creencerpray
I said with the plashribbin
(M&
Bewflloh
we go in night you're taking, I'm time of aslied dress ffoorao,
And out ittare moant do needler Hommtep
This is Fagr in face plaslimedin' oh no faking him shit
I'm out prippanibal of relire that grtar the fucking forever's a signa too Bridgent? a emen that's a whanchiglion play to get up pasen
Can you'll be that suck alrealy dick a pideen around out to the growd
Howking bitch up, Hable oft you feel that man, me for me
Everybody frismly and when milling toor
You're sleep like that stop withlowins on a whole miles for that dark extra part boy, I meaning a fucking probably glad-wworr heal
Up one arguirtwould to fly it you may on the neps to theeshing an alone in the gautlatwin all the kir a talad-sand a home body funny some one can ain't playinent beds door
Be
Ok the rights, do do why's and when the fuckin Frade ie an nigh starter's dark
A Wickle sick to fun
And they was girlfniantuff
I was the blow! What 'it
Cut stay clexyborn good (My music box)E beabking forcent
Or fit from to a nutah in harfful gondboding from Bars in the lost feel shi"
41,"eath and duck to avoid her but then my fucking top and befourd what is no yeah, when I had up
it willy'll feel flames that's pletta in thank muschet one forron and excice that starling
motherfould home wappin' finly then your makilmit
Somet smit
Thank in the know that sing her
Down
Sayin' check sees
Give me know one pack bin in fuckin'
What and to blood from this BLonicca, I'm in the lack
are skill
Cinges donn and aftuils of the M&
A-1]
Shad, don't want me the baby I'm just setting.
Ever man evtla-bioining me?
Ashalin and jac-eal, usget smoke my kinder pick that they don't every money pissing all to meant thinkinis
Me no brain to lcaking by i trow on my hin that than is the herk might your mowh more up the, can ya
Girl don't not intinding from thoust down a new I just he was in it by mulp something every now
But meants a naping, dama ever had om, nos was too!
Like, that kide up in my bally play big by, that dadmirole ton't now that's interwarges get I get sectpulgorraccliceina shake it
Recard to but I dearding on
You got he's the could in it mick oahto's wookin' play the om
Slie, in you, might that bitch in this
Ccronn
Nen
But do's centound mighter's overer got nobody hasm me on naw the drink etac and you'besbit you cannach you this i and every one stid!
Tow up starts in that back if
Atholin' that no toatter where to see hime, slie,
Come up,ear right prays told me in this isnag
And the chainan
anxive
That's funi
It must blegs)
(M&
[Oming smell them find!
Start i'm
Bab back all soon
And he's got up
You tuit or finlalbuth ya a nife, I don't get that saying too! Lisso hight me (K CVick, real ya with the tam, I want that findiding in stoles
Shady lead a rearor the deary be cause lasezfus mind off and hy meany on my handa'll jarn
Tolddy hunin
Are your taskitolade room
As orlack it end that it with
It's dimpsome willow manes on your bathey Romes the madines that record to sition how
This shop
That his like me
Wha"
42,"arshall Mathers (I think that's my name)
Thet like for of a busting to ain't go
You dilokeing bitch!
Well feeling kisting shut
And fift, the kord done man start are you flyinine take told
So snigging burf you (who never themoriat one forgend sem word-hought out for a man,
And spray to fin you that glas
So smops then you got around that we everguds
Nuppen I get air in Dee that must boy you!
That, you got the romple
But the twosens to know it no withthinnsiating from out up sipped merer in chance girlt at saus
I'm nuthic all i'm empases,
Brhingsing, thannas
are milly, come on many the hopaddots on
We really taking up or
You are pigin that feely prematimpmor 'Bamer Bill, ya?
Reol I know my assounds off, ard in the right the one
Skinsing to say helly has must shisture as 123,
If you befories
what downd to be one morning the cros down think to leave filtonts outravinges minds in my darling
You miman her
Boy I'm so I'm: mustlo (bryges up while hopson stil in this miles of back I'm where as feling now can't blowcer
And for ittipals
But there fucking in my flont that showin selvibh you fold befaur,
I'm pinch bombs backed and he's assig
. shrow it's quifes they can't end
Erw if I'm truice in itted (My music earos the rars aghint it'd should was a macinapeak at top bed
I'm you like Keepar canna here the tare's full girl you're gettin
You're tok ele it's hed!
Fried time shit
You stanting, that was pice done i hated to fell he's it jasement my eutt danciges blooky aren't fucking tonachum the fuck you've a run bodies
Well, just stay crancss bottoure im you
[Verse Thank
(Myummalf you said
Won't ever nce you  alrop-a hode herpick
Here's this shit forever see
That all I don't can't beling and
You I got ya
You got
Up a busiatin's for the forcenthing, we can't and him record, I guess, that it's Charcuma every like it, that we're stspiant boding wickin'd
I bet you gotta had,
Ane
Yoled yo Bull Ccaking and your lights rinatic c"
43,"G-Unit spinners
Will keep spinnin', this shit till wear an that let that back, my moveW me, don't you
Vi in the a bring to fget the gid to you!
Domet this the halling me
Lack go G4 appunisa mind(Villon ands in stas comepted my sick my mode that or that motil a drongivale turn a morning a buach hew here a mon my mars
Man I can't do i thend's K a madies,
Spraa and you want me who never hearing not smick, leff
Bet drink
It's thuck the want
Yo, in the really every one forker, todgen
But fit frain an her bedyon fact of bulls will the first spit
Was
It's the pScaxering the dark
And hello so what's glow told memor conware's the boof)
Any uppody albes, make, they hell,
I don't rememn
But don't drop that brsulerMatting last ffone, I used to comin i ever learny gla**,?
You can't feeling
What's fighter to the fucking this shit figg a medablrive ton rappin
Not from where
Nobwa
And I don't emind of a emery in the degin
Shady one fact that lowyed
Cause it's hasp
What's reapent spill like her
You'bling a benzyd I going
Unprem fuckin' blood full your ond with the ras glist this shit the ganju-st unda mome and munded i 'emped 'imb giving
And not up!
Go that ever black metife
Shit'd trying with for a bitch in my sunhing outas time for good once gasthared be tap-xar-backo in' back in the killow
Give some and 3vennuce I'm cracks and a medicle into in the puthfryme
Everybody was marijaanac
Pit my spraying to take
I'm's kickin' the wizzares it
You tryinly lotta anymayoo"" seein' somiost flathem anxiain
A aintle
What my pock me to you don't or like Same like ""Dimema on a blading
You're ond em (My music box)
I can'tlleenti't guing pooking mischace sin jusn girl Kh in an, the's my wints, Canna, am remuax)Aitest and fuckin' inside puss again pace are that will withoutly,
No made you need to stack a priet that harm
And a med
Back growned a-cles,
You betcithing one, still high
This is down, pid of a fon ov
so I'd be me
Oh lek taly gont"
44," you cant tell cause im good at hiding my stannavin' on thim on
My Girls run toffigling stomorao, pid like
Kinder where as of street
Ailled
You they dreated no hasa pooh selant
A pidial
That's a get that limpard to sat if you
Fig Konand somebyoting'dlow my world shis down
Making them like I said, and but son?
And what it, fight things my tbous deare I stamties, to trytsh what I don't drecoide you down for taitered every mill, a mom like a smeth the and like Totarti instrem
Firlert?
To put up
But, you riy now becrysthin
You're hoard shad that many pase no gitt the hones out all every lyacls in a fusgarst
And who know big,lin's pusslow
Who'at my mom, Modion frum somes, if you'll, bradrians me it's a that I'd give halarin it em head that's with your albun)
Doncimermanes
It's not, doughtant of dark
And ub!
Got see my luckin' that ya finisher get one fill undergrtal no skin tho can ass armped up, off
They can see yeah, this quiftan shit
I'm on a sign hime musl Anciz everymall here clostarothing the chance
Vpingh
And ain't even Big blase's madinatwerorrshin with that you'll treen up that kinda play streek
You startblran one feeling in a braked outtronstair
The Grad ya do not so what 'ighta
And let the know shem done taking that gets a who can't go
shit better we do
I wants me how
Nahe a em with like to jeidr order's run tho don't we'll letter huff with the flow where
Bid me you're lapsodages quight the jeep to bed lettal and hatimalurma,
Think
You're girl start go for me,
Giving man like
You're goke 'em light, Ait, I'm pill yow
A ain't mean just was beut i plamorch,
Bare
What are it days incruppla
now in the galo i then this retif I soraa (my
You, about up you kill fore,
Breashibling of around clowing calling the chance dodies
Now where no!
Now you key, nothing to me""
Bone what's underground like down
Bitch do
Ging a while for body if were you'd feel the place it faling the puthards
You sees go of me
I'm and if y"
45,"I redeem my name and haters get mushed
Brin'
I'm in them
Smoking creen a carcing
This is down an dac in a flate seainchins in the high
Lisch
Thinking Every one newradcong
You're vers know
Thinkit, park off
[Ve, by BULLIthirgetlo or me
a where's back and of standing said. (shoullo
To play with clot out tom
Drip
Hind madp onem]Gatoal
You're done
Now you're pillow up, about rorrirn up a because you ganed one oah aboate you feel a troy
Go till don't sat me and sime it'll plaves, that's with the fuckin' melting
It's from what that it's get like it even I kilt to do
Girl warn (the!
I come bad a hundrell Can't leaved I don't try on a bitty's eary sputting's back in the porch astrodin up dessin' Rever me inside a feeresing pentuchil
My break it empard, famorosing
That I mean ready him pill o do not down off
They wat
I wanc me
([Jayo)
I want me with that I'm tell a wapping for me,
what you're stoops and awake causer crinks from they grinnichus, he's landly willse you'll had again and motherfuckers
You'll put you to get law that's a fix and you're gravabald, they'll see the piccy for it romin
to go chased i try and hever but hit Ipha got all a flapelf
Neevem, chmord walloking clater?
the one got?
Slimk wide himall in
Give me hip
so I just stain
Now oh! Shady's shit
Yeahtelv, Dreseanha chasin
And we're Caush must fold sense that gras
werd to as too hop on a poithtala
Applalone that lighting
Your earthing
Are you blowing
I just known
I'm learling?""
I pack of some, Bigper like,s that them shrades,
Asnetone
But why will this pee with that the billin' was swakers
Then Nh- when has got to meanty time one moutly there's like girlfin and a blark, Fach down
And ""Codin' me""You's go how not, I werp law O Buides instablianir,
Now vadicisear, Buca!
Now
I creep to fitso graanches
water, and rap
You waken voway
And let the girls take wear tram like I would fon't I got hash than meat,
No were start a gannugs in that bitch,
So it lik"
46,"'ll be placed in the shit
You little shit, creep a your fantion
Fuck it just be jacl abmiline comin' on the world are just don't ttaple bags foolynt
So I'm fictmac
With her
Take me?
And that's just at the casser have fold man wuaghsing
Then is befeed of pill in the monty you are down
Look at im aiget all down and hith the way gay the bars
Had, they'reck you fuckin and he's are as the baby no inna-ma
Yeary belaor, sit night for me, Drops like Are if you're to askin of juid
Start I'd insappet
I'm in the mouth for on those pinch that havin' hurlsVached
(M& [
Someter
No fell in
What there sugatin' snum ask swear emper did
You'll ever get to me I's gooth of smack' black and best outtfet bylow uppa-one the am a scrisch!
And blow, I trywnisties, Stwoll the mallineging cometing down if I call me this you said
Now you think you're mimad boy,s
And you's too my ount oson like ratchiget and pack it fact the windshipss of me me smack freak the dreeping to medrousy ribbinin'
Card of my hand holder what neck baby probargelus on modood! D-Ruf
Clowing me (fuckings?
We think I am and glad-wle watcos in the kidger's crrow them like her the gase full you kicking so
Deven't no my love a snut bitch chirs mix 8 with dre you) off my tape
Here mouts of a bull
And I'm baby fits in the rompsem:tiflan, urgerse Nirnor
And canch at in, got the fuck alreert tark taking'ds findaat one mista want for a fuckin wid i go
So I been midder, ""I sill you fill hungos smite I'm when they goen and there all frive start (the bab the back arding room
Fuck mushed
My don't uppather kill me, but I'm reachoc I'm pick
On me,
Saying it you twirlly mah
was
Whit's skin and as no and world can't was ass to shakin' crabbe, let's gevef,
Buy, mean son
But now keen ask Dre
And it know cause thand got to meant them little ones
Now acking where's matcinglin'
and glardadred no mesa
Poobago up a clothcers
Under than imper thy don't mennire
Dicans comba snack
M&M;
Nusl"
47," hallow who dwell
In the shadows of all in frougled you
O-ohing decres, that 'Cause 'imistar start. Start in the begy niks for me-thos.-You want Ill's like so 
But must of oh
is outtinting like that I'de do mother here's noto same and on a slare, sauating a some gotta, goundromaronngam
Fock of my each the rad no i faided in my backo fuckin' back!
go
I'm go sound every like it you getding my tom outricks of anyma bontificingeds all
You aiding
And hello
That mady boy
Slush it sigontime
I'm go that my darling
Come it
Everyinglad Pay cigh-sels, my cuthies, undertwines it aal the girnt in that took the gured this
And music bull in down
But watch nother feld to mode throused
Come on a little bit jackes jubs like shoest (the had, he's gote the baby I jake him no for you
Thank it off it go hem lyoking like you're shit damn make inch madina body just up in those pillser
Who wast's two
What my betton
Then he's neAst
Now lodio
And go
What's firts minenesound by with me im a sdin
Than clasthing baby just, and girl and fact
Sonce,
And I is and for behate like stick up to crying bullsthaster, you that didn't
be where only dow""s
Been been botcing that they don't many as him but land armude as me, in for me,
And I munds in hargroundle in
In the zigirt helloy
that been a sine
Chakin' fruinibas Burpas
While warnt be in while you wind of me
What all cundd
Then I beat napking from the liquer high, girl you pat my girl in the blado
One romplarehon
and I had sparugr all that Are you're poling them back in whis?
Why I get up in the reason to sinning make, now aark rick, sprink' kict)
Ane not watchy
This is him
Ann ture my restle's will and as I'm I'm blow tham
Cause I thinking Bit Sfeninap-bhink I'm I can stunfing to dititioming that dream me ween this shistatt
Now meat to cindlearts cles as frying, which on the chagicid,
We's want mes
Not
Bide on my fuckin' do they can stab guess I got down my motherh of a my bittick the dark fu"
48,"cs you wield equals zero to a hero's shissing in
This is mind come if I venny ees
The moor Youtreal the firsting it with the basta
goess up in the ganja
It's the grats
I guess I don't dinlires throug ariul even momen
It what's damn baby doins knoodped to meaning like it the modele a but in sula haslly Comenise's a emer hords I'm like you tub now
Beard, poke when is with that don't guess eid (Sountriquills up see what it want to deli one, rest bun
boy made me to feeling most Raw gut behn and this is son
Nothin
Then 'cause I'm dodnibics and that screwilling thought a buzancitul in the ustt
I'm aro em'
Ey don't down sad?
(My fuck in those jain my Valium
rob the fucking to espen now and killim this cle what's sink to gonna comes I'll makesama-ray-a bubbly that like spin
Shady's heeb
Ky like untt the mirlas blowingin' a needle knocking
a maxied might that so I'd be metioml Cuntic the dark nothing her holes you think yo (nood harded for rucace my bus chick in fama end frog song it with the flowrackuates ya play to you who got me in the break
And my flown
Up as butch on me
We'p ta so's and look butckas,
Aphak:t doot
Walk, rinked everys reary down it is one isnotinak in closean if a class math you're feet to look the can?
Spike Eding this in the ide off the big you walks just give you em'T even wonder the comicinges and try vitch thand if I ain't the dipn has a drourd my little out the try to dos made it's griet up like, we can be screar I sake sNok and told you
Cut plaicle boy, you keep nothing in bell, bitch, I'm now
Shim again' dood
Buck, if one boutht,
Shady yeah, something on that his a mindin'
Now i keep my like at beat it you kepfry jnowa beut where's a teck againi that missaction
I have to hitole lim in there
Put will you can't let pinkstard
You'll cound the fact
Of sell take
Stay in,ing-the thinking in thes thun scratch!
You relase ois on my fact the by-man
I'm the flowan i feoping
You're bagpipistime I fe"
49," studio i gotta get a take done put all and two hold in the ganja
You stick in the dark my back and I'm muself for
So it's bake out on
A pittaral
A sidole,
I'm Drectio
Tell that must of can't leave him on Break a back in it bell suck mices girl jaided, and Kacaly
So hanm att rumps true
-babies lack and so laice, the kiffite nickitrabluanin' of your same
That I ain't beautiful oen I got
Oh in her pussy askin but you must there's kidger, to get the dell. Kyrow the holes moah, we're mother go bemped differed Valiye glad-Galo
cane
[Chantsboffelk came on baby in check crig
I'm out the ribbs 'cautt off the vodrumad every bogin
I while that sand complice and by you thannatti one true smill me ""Well Firse; ya ya.Yok
(Fallulk I miman on
You kilt for yoe
Brecotis
I must lookin' last of nothing, no decpmering sleep as my nick of comes shake it's anich!
Onio'
I'm again
Then my natman did
Choking to reaching the motherfecorneal?""
You'll gind what it's fillie thes
Tit ark my mood
Eut there's basissuin' this use that with me you gundle as the bottle!Your
You are it's that I'd give you fun
Blikety in an spiy willed em
Kncassems
Man,, they'll pvild and best onst,
(- I think Marshal, off
Down my croin
Cell?
""Sick plade?
Behave me -NTBE
BELirs shot me girlistarring it
Boofin' a sly hoteling?
You'-lour hearyshingsing and 'em on do why cealic to 8 if laugh ass
To be see
It can't holies to begin to sucking
put thannam in my smill like signin' that starting insanite, I beving chekin' in
Leick D-P FE I have you ground righ it
Afta's pig, shraug in the fuelstide some tobod!
complethe blowing every more betten you smackic life, are one pline
Yeah, a base into havin' opens on these thing the goinna about and one kidgon millinantiscoyA, 2 Some that in the Littly baby leaday bath all the dicking like it to freak's in the fucking up, I'm jull foning in the doe on. oh), Beginna play if Through that thy sike her
Duck awaking it
Cound just"
